date,available
20150101,False
20150102,False
20150103,False
20150104,False
20150105,False
20150106,False
20150107,False
20150108,False
20150109,False
20150110,False
20150111,False
20150112,False
20150113,False
20150114,False
20150115,False
20150116,False
20150117,False
20150118,False
20150119,False
20150120,False
20150121,False
20150122,False
20150123,False
20150124,False
20150125,False
20150126,False
20150127,False
20150128,False
20150129,False
20150130,False
20150131,False
20150201,False
20150202,False
20150203,False
20150204,False
20150205,False
20150206,False
20150207,False
20150208,False
20150209,False
20150210,False
20150211,False
20150212,False
20150213,False
20150214,False
20150215,False
20150216,False
20150217,False
20150218,False
20150219,False
20150220,False
20150221,False
20150222,False
20150223,False
20150224,False
20150225,False
20150226,False
20150227,False
20150228,False
20150301,False
20150302,False
20150303,False
20150304,False
20150305,False
20150306,False
20150307,False
20150308,False
20150309,False
20150310,False
20150311,False
20150312,False
20150313,False
20150314,False
20150315,False
20150316,False
20150317,False
20150318,False
20150319,False
20150320,False
20150321,False
20150322,False
20150323,False
20150324,False
20150325,False
20150326,False
20150327,False
20150328,False
20150329,False
20150330,False
20150331,False
20150401,False
20150402,False
20150403,False
20150404,False
20150405,False
20150406,False
20150407,False
20150408,False
20150409,False
20150410,False
20150411,False
20150412,False
20150413,False
20150414,False
20150415,False
20150416,False
20150417,False
20150418,False
20150419,False
20150420,False
20150421,False
20150422,False
20150423,False
20150424,False
20150425,False
20150426,False
20150427,False
20150428,False
20150429,False
20150430,False
20150501,False
20150502,False
20150503,False
20150504,False
20150505,False
20150506,False
20150507,False
20150508,False
20150509,False
20150510,False
20150511,False
20150512,False
20150513,False
20150514,False
20150515,False
20150516,False
20150517,False
20150518,False
20150519,False
20150520,False
20150521,False
20150522,False
20150523,False
20150524,False
20150525,False
20150526,False
20150527,False
20150528,False
20150529,False
20150530,False
20150531,False
20150601,False
20150602,False
20150603,False
20150604,False
20150605,False
20150606,False
20150607,False
20150608,False
20150609,False
20150610,False
20150611,False
20150612,False
20150613,False
20150614,False
20150615,False
20150616,False
20150617,False
20150618,False
20150619,False
20150620,False
20150621,False
20150622,False
20150623,False
20150624,False
20150625,False
20150626,False
20150627,False
20150628,False
20150629,False
20150630,False
20150701,False
20150702,False
20150703,False
20150704,False
20150705,False
20150706,False
20150707,False
20150708,False
20150709,False
20150710,False
20150711,False
20150712,False
20150713,False
20150714,False
20150715,False
20150716,False
20150717,False
20150718,False
20150719,False
20150720,False
20150721,False
20150722,False
20150723,False
20150724,False
20150725,False
20150726,False
20150727,False
20150728,False
20150729,False
20150730,False
20150731,False
20150801,False
20150802,False
20150803,False
20150804,False
20150805,False
20150806,False
20150807,False
20150808,False
20150809,False
20150810,False
20150811,False
20150812,False
20150813,False
20150814,False
20150815,False
20150816,False
20150817,False
20150818,False
20150819,False
20150820,False
20150821,False
20150822,False
20150823,False
20150824,False
20150825,False
20150826,False
20150827,False
20150828,False
20150829,False
20150830,False
20150831,False
20150901,False
20150902,False
20150903,False
20150904,False
20150905,False
20150906,False
20150907,False
20150908,False
20150909,False
20150910,False
20150911,False
20150912,False
20150913,False
20150914,False
20150915,False
20150916,False
20150917,False
20150918,False
20150919,False
20150920,False
20150921,False
20150922,False
20150923,False
20150924,False
20150925,False
20150926,False
20150927,False
20150928,False
20150929,False
20150930,False
20151001,False
20151002,False
20151003,False
20151004,False
20151005,False
20151006,False
20151007,False
20151008,False
20151009,False
20151010,False
20151011,False
20151012,False
20151013,False
20151014,False
20151015,False
20151016,False
20151017,False
20151018,False
20151019,False
20151020,False
20151021,False
20151022,False
20151023,False
20151024,False
20151025,False
20151026,False
20151027,False
20151028,False
20151029,False
20151030,False
20151031,False
20151101,False
20151102,False
20151103,False
20151104,False
20151105,False
20151106,False
20151107,False
20151108,False
20151109,False
20151110,False
20151111,False
20151112,False
20151113,False
20151114,False
20151115,False
20151116,False
20151117,False
20151118,False
20151119,False
20151120,False
20151121,False
20151122,False
20151123,False
20151124,False
20151125,False
20151126,False
20151127,False
20151128,False
20151129,False
20151130,False
20151201,False
20151202,False
20151203,False
20151204,False
20151205,False
20151206,False
20151207,False
20151208,False
20151209,False
20151210,False
20151211,False
20151212,False
20151213,False
20151214,False
20151215,False
20151216,False
20151217,False
20151218,False
20151219,False
20151220,False
20151221,False
20151222,False
20151223,False
20151224,False
20151225,False
20151226,False
20151227,False
20151228,False
20151229,False
20151230,False
20151231,False
20160101,False
20160102,False
20160103,False
20160104,False
20160105,False
20160106,False
20160107,False
20160108,False
20160109,False
20160110,False
20160111,False
20160112,False
20160113,False
20160114,False
20160115,False
20160116,False
20160117,False
20160118,False
20160119,False
20160120,False
20160121,False
20160122,False
20160123,False
20160124,False
20160125,False
20160126,False
20160127,False
20160128,False
20160129,False
20160130,False
20160131,False
20160201,False
20160202,False
20160203,False
20160204,False
20160205,False
20160206,False
20160207,False
20160208,False
20160209,False
20160210,False
20160211,False
20160212,False
20160213,False
20160214,False
20160215,False
20160216,False
20160217,False
20160218,False
20160219,False
20160220,False
20160221,False
20160222,False
20160223,False
20160224,False
20160225,False
20160226,False
20160227,False
20160228,False
20160229,False
20160301,False
20160302,False
20160303,False
20160304,False
20160305,False
20160306,False
20160307,False
20160308,False
20160309,False
20160310,False
20160311,False
20160312,False
20160313,False
20160314,False
20160315,False
20160316,False
20160317,False
20160318,False
20160319,False
20160320,False
20160321,False
20160322,False
20160323,False
20160324,False
20160325,False
20160326,False
20160327,False
20160328,False
20160329,False
20160330,False
20160331,False
20160401,False
20160402,False
20160403,False
20160404,False
20160405,False
20160406,False
20160407,False
20160408,False
20160409,False
20160410,False
20160411,False
20160412,False
20160413,False
20160414,False
20160415,False
20160416,False
20160417,False
20160418,False
20160419,False
20160420,False
20160421,False
20160422,False
20160423,False
20160424,False
20160425,False
20160426,False
20160427,False
20160428,False
20160429,False
20160430,False
20160501,False
20160502,False
20160503,False
20160504,False
20160505,False
20160506,False
20160507,False
20160508,False
20160509,False
20160510,False
20160511,False
20160512,False
20160513,False
20160514,False
20160515,False
20160516,False
20160517,False
20160518,False
20160519,False
20160520,False
20160521,False
20160522,False
20160523,False
20160524,False
20160525,False
20160526,False
20160527,False
20160528,False
20160529,False
20160530,False
20160531,False
20160601,False
20160602,False
20160603,False
20160604,False
20160605,False
20160606,False
20160607,False
20160608,False
20160609,False
20160610,False
20160611,False
20160612,False
20160613,False
20160614,False
20160615,False
20160616,False
20160617,False
20160618,False
20160619,False
20160620,False
20160621,False
20160622,False
20160623,False
20160624,False
20160625,False
20160626,False
20160627,False
20160628,False
20160629,False
20160630,False
20160701,False
20160702,False
20160703,False
20160704,False
20160705,False
20160706,False
20160707,False
20160708,False
20160709,False
20160710,False
20160711,False
20160712,False
20160713,False
20160714,False
20160715,False
20160716,False
20160717,False
20160718,False
20160719,False
20160720,False
20160721,False
20160722,False
20160723,False
20160724,False
20160725,False
20160726,False
20160727,False
20160728,False
20160729,False
20160730,False
20160731,False
20160801,False
20160802,False
20160803,False
20160804,False
20160805,False
20160806,False
20160807,False
20160808,False
20160809,False
20160810,False
20160811,False
20160812,False
20160813,False
20160814,False
20160815,False
20160816,False
20160817,False
20160818,False
20160819,False
20160820,False
20160821,False
20160822,False
20160823,False
20160824,False
20160825,False
20160826,False
20160827,False
20160828,False
20160829,False
20160830,False
20160831,False
20160901,False
20160902,False
20160903,False
20160904,False
20160905,False
20160906,False
20160907,False
20160908,False
20160909,False
20160910,False
20160911,False
20160912,False
20160913,False
20160914,False
20160915,False
20160916,False
20160917,False
20160918,False
20160919,False
20160920,False
20160921,False
20160922,False
20160923,False
20160924,False
20160925,False
20160926,False
20160927,False
20160928,False
20160929,False
20160930,False
20161001,False
20161002,False
20161003,False
20161004,False
20161005,False
20161006,False
20161007,False
20161008,False
20161009,False
20161010,False
20161011,False
20161012,False
20161013,False
20161014,False
20161015,False
20161016,False
20161017,False
20161018,False
20161019,False
20161020,False
20161021,False
20161022,False
20161023,False
20161024,False
20161025,False
20161026,False
20161027,False
20161028,False
20161029,False
20161030,False
20161031,False
20161101,False
20161102,False
20161103,False
20161104,False
20161105,False
20161106,False
20161107,False
20161108,False
20161109,False
20161110,False
20161111,False
20161112,False
20161113,False
20161114,False
20161115,False
20161116,False
20161117,False
20161118,False
20161119,False
20161120,False
20161121,False
20161122,False
20161123,False
20161124,False
20161125,False
20161126,False
20161127,False
20161128,False
20161129,False
20161130,False
20161201,False
20161202,False
20161203,False
20161204,False
20161205,False
20161206,False
20161207,False
20161208,False
20161209,False
20161210,False
20161211,False
20161212,False
20161213,False
20161214,False
20161215,False
20161216,False
20161217,False
20161218,False
20161219,False
20161220,False
20161221,False
20161222,False
20161223,False
20161224,False
20161225,False
20161226,False
20161227,False
20161228,False
20161229,False
20161230,False
20161231,False
20170101,False
20170102,False
20170103,False
20170104,False
20170105,False
20170106,False
20170107,False
20170108,False
20170109,False
20170110,False
20170111,False
20170112,False
20170113,False
20170114,False
20170115,False
20170116,False
20170117,False
20170118,False
20170119,False
20170120,False
20170121,False
20170122,False
20170123,False
20170124,False
20170125,False
20170126,False
20170127,False
20170128,False
20170129,False
20170130,False
20170131,False
20170201,False
20170202,False
20170203,False
20170204,False
20170205,False
20170206,False
20170207,False
20170208,False
20170209,False
20170210,False
20170211,False
20170212,False
20170213,False
20170214,False
20170215,False
20170216,False
20170217,False
20170218,False
20170219,False
20170220,False
20170221,False
20170222,False
20170223,False
20170224,False
20170225,False
20170226,False
20170227,False
20170228,False
20170301,False
20170302,False
20170303,False
20170304,False
20170305,False
20170306,False
20170307,False
20170308,False
20170309,False
20170310,False
20170311,False
20170312,False
20170313,False
20170314,False
20170315,False
20170316,False
20170317,False
20170318,False
20170319,False
20170320,False
20170321,False
20170322,False
20170323,False
20170324,False
20170325,False
20170326,False
20170327,False
20170328,False
20170329,False
20170330,False
20170331,False
20170401,False
20170402,False
20170403,False
20170404,False
20170405,False
20170406,False
20170407,False
20170408,False
20170409,False
20170410,False
20170411,False
20170412,False
20170413,False
20170414,False
20170415,False
20170416,False
20170417,False
20170418,False
20170419,False
20170420,False
20170421,False
20170422,False
20170423,False
20170424,False
20170425,False
20170426,False
20170427,False
20170428,False
20170429,False
20170430,False
20170501,False
20170502,False
20170503,False
20170504,False
20170505,False
20170506,False
20170507,False
20170508,False
20170509,False
20170510,False
20170511,False
20170512,False
20170513,False
20170514,False
20170515,False
20170516,False
20170517,False
20170518,False
20170519,False
20170520,False
20170521,False
20170522,False
20170523,False
20170524,False
20170525,False
20170526,False
20170527,False
20170528,False
20170529,False
20170530,False
20170531,False
20170601,False
20170602,False
20170603,False
20170604,False
20170605,False
20170606,False
20170607,False
20170608,False
20170609,False
20170610,False
20170611,False
20170612,False
20170613,False
20170614,False
20170615,False
20170616,False
20170617,False
20170618,False
20170619,False
20170620,False
20170621,False
20170622,False
20170623,False
20170624,False
20170625,False
20170626,False
20170627,False
20170628,False
20170629,False
20170630,False
20170701,False
20170702,False
20170703,False
20170704,False
20170705,False
20170706,False
20170707,False
20170708,False
20170709,False
20170710,False
20170711,False
20170712,False
20170713,False
20170714,False
20170715,False
20170716,False
20170717,False
20170718,False
20170719,False
20170720,False
20170721,False
20170722,False
20170723,False
20170724,False
20170725,False
20170726,False
20170727,False
20170728,False
20170729,False
20170730,False
20170731,False
20170801,False
20170802,False
20170803,False
20170804,False
20170805,False
20170806,False
20170807,False
20170808,False
20170809,False
20170810,False
20170811,False
20170812,False
20170813,False
20170814,False
20170815,False
20170816,False
20170817,False
20170818,False
20170819,False
20170820,False
20170821,False
20170822,False
20170823,False
20170824,False
20170825,False
20170826,False
20170827,False
20170828,False
20170829,False
20170830,False
20170831,False
20170901,False
20170902,False
20170903,False
20170904,False
20170905,False
20170906,False
20170907,False
20170908,False
20170909,False
20170910,False
20170911,False
20170912,False
20170913,False
20170914,False
20170915,False
20170916,False
20170917,False
20170918,False
20170919,False
20170920,False
20170921,False
20170922,False
20170923,False
20170924,False
20170925,False
20170926,False
20170927,False
20170928,False
20170929,False
20170930,False
20171001,False
20171002,False
20171003,False
20171004,False
20171005,False
20171006,False
20171007,False
20171008,False
20171009,False
20171010,False
20171011,False
20171012,False
20171013,False
20171014,False
20171015,False
20171016,False
20171017,False
20171018,False
20171019,False
20171020,False
20171021,False
20171022,False
20171023,False
20171024,False
20171025,False
20171026,False
20171027,False
20171028,False
20171029,False
20171030,False
20171031,False
20171101,False
20171102,False
20171103,False
20171104,False
20171105,False
20171106,False
20171107,False
20171108,False
20171109,False
20171110,False
20171111,False
20171112,False
20171113,False
20171114,False
20171115,False
20171116,False
20171117,False
20171118,False
20171119,False
20171120,False
20171121,False
20171122,False
20171123,False
20171124,False
20171125,False
20171126,False
20171127,False
20171128,False
20171129,False
20171130,False
20171201,False
20171202,False
20171203,False
20171204,False
20171205,False
20171206,False
20171207,False
20171208,False
20171209,False
20171210,False
20171211,False
20171212,False
20171213,False
20171214,False
20171215,False
20171216,False
20171217,False
20171218,False
20171219,False
20171220,False
20171221,False
20171222,False
20171223,False
20171224,False
20171225,False
20171226,False
20171227,False
20171228,False
20171229,False
20171230,False
20171231,False
20180101,False
20180102,False
20180103,False
20180104,False
20180105,False
20180106,False
20180107,False
20180108,False
20180109,False
20180110,False
20180111,False
20180112,False
20180113,False
20180114,False
20180115,False
20180116,False
20180117,False
20180118,False
20180119,False
20180120,False
20180121,False
20180122,False
20180123,False
20180124,False
20180125,False
20180126,False
20180127,False
20180128,False
20180129,False
20180130,False
20180131,False
20180201,False
20180202,False
20180203,False
20180204,False
20180205,False
20180206,False
20180207,False
20180208,False
20180209,False
20180210,False
20180211,False
20180212,False
20180213,False
20180214,False
20180215,False
20180216,False
20180217,False
20180218,False
20180219,False
20180220,False
20180221,False
20180222,False
20180223,False
20180224,False
20180225,False
20180226,False
20180227,False
20180228,False
20180301,False
20180302,False
20180303,False
20180304,False
20180305,False
20180306,False
20180307,False
20180308,False
20180309,False
20180310,False
20180311,False
20180312,False
20180313,False
20180314,False
20180315,False
20180316,False
20180317,False
20180318,False
20180319,False
20180320,False
20180321,False
20180322,False
20180323,False
20180324,False
20180325,False
20180326,False
20180327,False
20180328,False
20180329,False
20180330,False
20180331,False
20180401,False
20180402,False
20180403,False
20180404,False
20180405,False
20180406,False
20180407,False
20180408,False
20180409,False
20180410,False
20180411,False
20180412,False
20180413,False
20180414,False
20180415,False
20180416,False
20180417,False
20180418,False
20180419,False
20180420,False
20180421,False
20180422,False
20180423,False
20180424,False
20180425,False
20180426,False
20180427,False
20180428,False
20180429,False
20180430,False
20180501,False
20180502,False
20180503,False
20180504,False
20180505,False
20180506,False
20180507,False
20180508,False
20180509,False
20180510,False
20180511,False
20180512,False
20180513,False
20180514,False
20180515,False
20180516,False
20180517,False
20180518,False
20180519,False
20180520,False
20180521,False
20180522,False
20180523,False
20180524,False
20180525,False
20180526,False
20180527,False
20180528,False
20180529,False
20180530,False
20180531,False
20180601,False
20180602,False
20180603,False
20180604,False
20180605,False
20180606,False
20180607,False
20180608,False
20180609,False
20180610,False
20180611,False
20180612,False
20180613,False
20180614,False
20180615,False
20180616,False
20180617,False
20180618,False
20180619,False
20180620,False
20180621,False
20180622,False
20180623,False
20180624,False
20180625,False
20180626,False
20180627,False
20180628,False
20180629,False
20180630,False
20180701,False
20180702,False
20180703,False
20180704,False
20180705,False
20180706,False
20180707,False
20180708,False
20180709,False
20180710,False
20180711,False
20180712,False
20180713,False
20180714,False
20180715,False
20180716,False
20180717,False
20180718,False
20180719,False
20180720,False
20180721,False
20180722,False
20180723,False
20180724,False
20180725,False
20180726,False
20180727,False
20180728,False
20180729,False
20180730,False
20180731,False
20180801,False
20180802,False
20180803,False
20180804,False
20180805,False
20180806,False
20180807,False
20180808,False
20180809,False
20180810,False
20180811,False
20180812,False
20180813,False
20180814,False
20180815,False
20180816,False
20180817,False
20180818,False
20180819,False
20180820,False
20180821,False
20180822,False
20180823,False
20180824,False
20180825,False
20180826,False
20180827,False
20180828,False
20180829,False
20180830,False
20180831,False
20180901,False
20180902,False
20180903,False
20180904,False
20180905,False
20180906,False
20180907,False
20180908,False
20180909,False
20180910,False
20180911,False
20180912,False
20180913,False
20180914,False
20180915,False
20180916,False
20180917,False
20180918,False
20180919,False
20180920,False
20180921,False
20180922,False
20180923,False
20180924,False
20180925,False
20180926,False
20180927,False
20180928,False
20180929,False
20180930,False
20181001,False
20181002,False
20181003,False
20181004,False
20181005,False
20181006,False
20181007,False
20181008,False
20181009,False
20181010,False
20181011,False
20181012,False
20181013,False
20181014,False
20181015,False
20181016,False
20181017,False
20181018,False
20181019,False
20181020,False
20181021,False
20181022,False
20181023,False
20181024,False
20181025,False
20181026,False
20181027,False
20181028,False
20181029,False
20181030,False
20181031,False
20181101,False
20181102,False
20181103,False
20181104,False
20181105,False
20181106,False
20181107,False
20181108,False
20181109,False
20181110,False
20181111,False
20181112,False
20181113,False
20181114,False
20181115,False
20181116,False
20181117,False
20181118,False
20181119,False
20181120,False
20181121,False
20181122,False
20181123,False
20181124,False
20181125,False
20181126,False
20181127,False
20181128,False
20181129,False
20181130,False
20181201,False
20181202,False
20181203,False
20181204,False
20181205,False
20181206,False
20181207,False
20181208,False
20181209,False
20181210,False
20181211,False
20181212,False
20181213,False
20181214,False
20181215,False
20181216,False
20181217,False
20181218,False
20181219,False
20181220,False
20181221,False
20181222,False
20181223,False
20181224,False
20181225,False
20181226,False
20181227,False
20181228,False
20181229,False
20181230,False
20181231,False
20190101,False
20190102,False
20190103,False
20190104,False
20190105,False
20190106,False
20190107,False
20190108,False
20190109,False
20190110,False
20190111,False
20190112,False
20190113,False
20190114,False
20190115,False
20190116,False
20190117,False
20190118,False
20190119,False
20190120,False
20190121,False
20190122,False
20190123,False
20190124,False
20190125,False
20190126,False
20190127,False
20190128,False
20190129,False
20190130,False
20190131,False
20190201,False
20190202,False
20190203,False
20190204,False
20190205,False
20190206,False
20190207,False
20190208,False
20190209,False
20190210,False
20190211,False
20190212,False
20190213,False
20190214,False
20190215,False
20190216,False
20190217,False
20190218,False
20190219,False
20190220,False
20190221,False
20190222,False
20190223,False
20190224,False
20190225,False
20190226,False
20190227,False
20190228,False
20190301,False
20190302,False
20190303,False
20190304,False
20190305,False
20190306,False
20190307,False
20190308,False
20190309,False
20190310,False
20190311,False
20190312,False
20190313,False
20190314,False
20190315,False
20190316,False
20190317,False
20190318,False
20190319,False
20190320,False
20190321,False
20190322,False
20190323,False
20190324,False
20190325,False
20190326,False
20190327,False
20190328,False
20190329,False
20190330,False
20190331,False
20190401,False
20190402,False
20190403,False
20190404,False
20190405,False
20190406,False
20190407,False
20190408,False
20190409,False
20190410,False
20190411,False
20190412,False
20190413,False
20190414,False
20190415,False
20190416,False
20190417,False
20190418,False
20190419,False
20190420,False
20190421,False
20190422,False
20190423,False
20190424,False
20190425,False
20190426,False
20190427,False
20190428,False
20190429,False
20190430,False
20190501,False
20190502,False
20190503,False
20190504,False
20190505,False
20190506,False
20190507,False
20190508,False
20190509,False
20190510,False
20190511,False
20190512,False
20190513,False
20190514,False
20190515,False
20190516,False
20190517,False
20190518,False
20190519,False
20190520,False
20190521,False
20190522,False
20190523,False
20190524,False
20190525,False
20190526,False
20190527,False
20190528,False
20190529,False
20190530,False
20190531,False
20190601,False
20190602,False
20190603,False
20190604,False
20190605,False
20190606,False
20190607,False
20190608,False
20190609,False
20190610,False
20190611,False
20190612,False
20190613,False
20190614,False
20190615,False
20190616,False
20190617,False
20190618,False
20190619,False
20190620,False
20190621,False
20190622,False
20190623,False
20190624,False
20190625,False
20190626,False
20190627,False
20190628,False
20190629,False
20190630,False
20190701,False
20190702,False
20190703,False
20190704,False
20190705,False
20190706,False
20190707,False
20190708,False
20190709,False
20190710,False
20190711,False
20190712,False
20190713,False
20190714,False
20190715,False
20190716,False
20190717,False
20190718,False
20190719,False
20190720,False
20190721,False
20190722,False
20190723,False
20190724,False
20190725,False
20190726,False
20190727,False
20190728,False
20190729,False
20190730,False
20190731,False
20190801,False
20190802,False
20190803,False
20190804,False
20190805,False
20190806,False
20190807,False
20190808,False
20190809,False
20190810,False
20190811,False
20190812,False
20190813,False
20190814,False
20190815,False
20190816,False
20190817,False
20190818,False
20190819,False
20190820,False
20190821,False
20190822,False
20190823,False
20190824,False
20190825,False
20190826,False
20190827,False
20190828,False
20190829,False
20190830,False
20190831,False
20190901,False
20190902,False
20190903,False
20190904,False
20190905,False
20190906,False
20190907,False
20190908,False
20190909,False
20190910,False
20190911,False
20190912,False
20190913,False
20190914,False
20190915,False
20190916,False
20190917,False
20190918,False
20190919,False
20190920,False
20190921,False
20190922,False
20190923,False
20190924,False
20190925,False
20190926,False
20190927,False
20190928,False
20190929,False
20190930,False
20191001,False
20191002,False
20191003,False
20191004,False
20191005,False
20191006,False
20191007,False
20191008,False
20191009,False
20191010,False
20191011,False
20191012,False
20191013,False
20191014,False
20191015,False
20191016,False
20191017,False
20191018,False
20191019,False
20191020,False
20191021,False
20191022,False
20191023,False
20191024,False
20191025,False
20191026,False
20191027,False
20191028,False
20191029,False
20191030,False
20191031,False
20191101,False
20191102,False
20191103,False
20191104,False
20191105,False
20191106,False
20191107,False
20191108,False
20191109,False
20191110,False
20191111,False
20191112,False
20191113,False
20191114,False
20191115,False
20191116,False
20191117,False
20191118,False
20191119,False
20191120,False
20191121,False
20191122,False
20191123,False
20191124,False
20191125,False
20191126,False
20191127,False
20191128,False
20191129,False
20191130,False
20191201,False
20191202,False
20191203,False
20191204,False
20191205,False
20191206,False
20191207,False
20191208,False
20191209,False
20191210,False
20191211,False
20191212,False
20191213,False
20191214,False
20191215,False
20191216,False
20191217,False
20191218,False
20191219,False
20191220,False
20191221,False
20191222,False
20191223,False
20191224,False
20191225,False
20191226,False
20191227,False
20191228,False
20191229,False
20191230,False
20191231,False
20200101,False
20200102,False
20200103,False
20200104,False
20200105,False
20200106,False
20200107,False
20200108,False
20200109,False
20200110,False
20200111,False
20200112,False
20200113,False
20200114,False
20200115,False
20200116,False
20200117,False
20200118,False
20200119,False
20200120,False
20200121,False
20200122,False
20200123,False
20200124,False
20200125,False
20200126,False
20200127,False
20200128,False
20200129,False
20200130,False
20200131,False
20200201,False
20200202,False
20200203,False
20200204,False
20200205,False
20200206,False
20200207,False
20200208,False
20200209,False
20200210,False
20200211,False
20200212,False
20200213,False
20200214,False
20200215,False
20200216,False
20200217,False
20200218,False
20200219,False
20200220,False
20200221,False
20200222,False
20200223,False
20200224,False
20200225,False
20200226,False
20200227,False
20200228,False
20200229,False
20200301,False
20200302,False
20200303,False
20200304,False
20200305,False
20200306,False
20200307,False
20200308,False
20200309,False
20200310,False
20200311,False
20200312,False
20200313,False
20200314,False
20200315,False
20200316,False
20200317,False
20200318,False
20200319,False
20200320,False
20200321,False
20200322,False
20200323,False
20200324,False
20200325,False
20200326,False
20200327,False
20200328,False
20200329,False
20200330,False
20200331,False
20200401,False
20200402,False
20200403,False
20200404,False
20200405,False
20200406,False
20200407,False
20200408,False
20200409,False
20200410,False
20200411,False
20200412,False
20200413,False
20200414,False
20200415,False
20200416,False
20200417,False
20200418,False
20200419,False
20200420,False
20200421,False
20200422,False
20200423,False
20200424,False
20200425,False
20200426,False
20200427,False
20200428,False
20200429,False
20200430,False
20200501,False
20200502,False
20200503,False
20200504,False
20200505,False
20200506,False
20200507,False
20200508,False
20200509,False
20200510,False
20200511,False
20200512,False
20200513,False
20200514,False
20200515,False
20200516,False
20200517,False
20200518,False
20200519,False
20200520,False
20200521,False
20200522,False
20200523,False
20200524,False
20200525,False
20200526,False
20200527,False
20200528,False
20200529,False
20200530,False
20200531,False
20200601,False
20200602,False
20200603,False
20200604,False
20200605,False
20200606,False
20200607,False
20200608,False
20200609,False
20200610,False
20200611,False
20200612,False
20200613,False
20200614,False
20200615,False
20200616,False
20200617,False
20200618,False
20200619,False
20200620,False
20200621,False
20200622,False
20200623,False
20200624,False
20200625,False
20200626,False
20200627,False
20200628,False
20200629,False
20200630,False
20200701,False
20200702,False
20200703,False
20200704,False
20200705,False
20200706,False
20200707,False
20200708,False
20200709,False
20200710,False
20200711,False
20200712,False
20200713,False
20200714,False
20200715,False
20200716,False
20200717,False
20200718,False
20200719,False
20200720,False
20200721,False
20200722,False
20200723,False
20200724,False
20200725,False
20200726,False
20200727,False
20200728,False
20200729,False
20200730,False
20200731,False
20200801,False
20200802,False
20200803,False
20200804,False
20200805,False
20200806,False
20200807,False
20200808,False
20200809,False
20200810,False
20200811,False
20200812,False
20200813,False
20200814,False
20200815,False
20200816,False
20200817,False
20200818,False
20200819,False
20200820,False
20200821,False
20200822,False
20200823,False
20200824,False
20200825,False
20200826,False
20200827,False
20200828,False
20200829,False
20200830,False
20200831,False
20200901,False
20200902,False
20200903,False
20200904,False
20200905,False
20200906,False
20200907,False
20200908,False
20200909,False
20200910,False
20200911,False
20200912,False
20200913,False
20200914,False
20200915,False
20200916,False
20200917,False
20200918,False
20200919,False
20200920,False
20200921,False
20200922,False
20200923,False
20200924,False
20200925,False
20200926,False
20200927,False
20200928,False
20200929,False
20200930,False
20201001,False
20201002,False
20201003,False
20201004,False
20201005,False
20201006,False
20201007,False
20201008,False
20201009,False
20201010,False
20201011,False
20201012,False
20201013,False
20201014,False
20201015,False
20201016,False
20201017,False
20201018,False
20201019,False
20201020,False
20201021,False
20201022,False
20201023,False
20201024,False
20201025,False
20201026,False
20201027,False
20201028,False
20201029,False
20201030,False
20201031,False
20201101,False
20201102,False
20201103,False
20201104,False
20201105,False
20201106,False
20201107,False
20201108,False
20201109,False
20201110,False
20201111,False
20201112,False
20201113,False
20201114,False
20201115,False
20201116,False
20201117,False
20201118,False
20201119,False
20201120,False
20201121,False
20201122,False
20201123,False
20201124,False
20201125,False
20201126,False
20201127,False
20201128,False
20201129,False
20201130,False
20201201,False
20201202,False
20201203,False
20201204,False
20201205,False
20201206,False
20201207,False
20201208,False
20201209,False
20201210,False
20201211,False
20201212,False
20201213,False
20201214,False
20201215,False
20201216,False
20201217,False
20201218,False
20201219,False
20201220,False
20201221,False
20201222,False
20201223,False
20201224,False
20201225,False
20201226,False
20201227,False
20201228,False
20201229,False
20201230,False
20201231,False
20210101,False
20210102,False
20210103,False
20210104,False
20210105,False
20210106,False
20210107,False
20210108,False
20210109,False
20210110,False
20210111,False
20210112,False
20210113,False
20210114,False
20210115,False
20210116,False
20210117,False
20210118,False
20210119,False
20210120,False
20210121,False
20210122,False
20210123,False
20210124,False
20210125,False
20210126,False
20210127,False
20210128,False
20210129,False
20210130,False
20210131,False
20210201,False
20210202,False
20210203,False
20210204,False
20210205,False
20210206,False
20210207,False
20210208,False
20210209,False
20210210,False
20210211,False
20210212,False
20210213,False
20210214,False
20210215,False
20210216,False
20210217,False
20210218,False
20210219,False
20210220,False
20210221,False
20210222,False
20210223,False
20210224,False
20210225,False
20210226,False
20210227,False
20210228,False
20210301,False
20210302,False
20210303,False
20210304,False
20210305,False
20210306,False
20210307,False
20210308,False
20210309,False
20210310,False
20210311,False
20210312,False
20210313,False
20210314,False
20210315,False
20210316,False
20210317,False
20210318,False
20210319,False
20210320,False
20210321,False
20210322,False
20210323,False
20210324,False
20210325,False
20210326,False
20210327,False
20210328,False
20210329,False
20210330,False
20210331,False
20210401,False
20210402,False
20210403,False
20210404,False
20210405,False
20210406,False
20210407,False
20210408,False
20210409,False
20210410,False
20210411,False
20210412,False
20210413,False
20210414,False
20210415,False
20210416,False
20210417,False
20210418,False
20210419,False
20210420,False
20210421,False
20210422,False
20210423,False
20210424,False
20210425,False
20210426,False
20210427,False
20210428,False
20210429,False
20210430,False
20210501,False
20210502,False
20210503,False
20210504,False
20210505,False
20210506,False
20210507,False
20210508,False
20210509,False
20210510,False
20210511,False
20210512,False
20210513,False
20210514,False
20210515,False
20210516,False
20210517,False
20210518,False
20210519,False
20210520,False
20210521,False
20210522,False
20210523,False
20210524,False
20210525,False
20210526,False
20210527,False
20210528,False
20210529,False
20210530,False
20210531,False
20210601,False
20210602,False
20210603,False
20210604,False
20210605,False
20210606,False
20210607,False
20210608,False
20210609,False
20210610,False
20210611,False
20210612,False
20210613,False
20210614,False
20210615,False
20210616,False
20210617,False
20210618,False
20210619,False
20210620,False
20210621,False
20210622,False
20210623,False
20210624,False
20210625,False
20210626,False
20210627,False
20210628,False
20210629,False
20210630,False
20210701,False
20210702,False
20210703,False
20210704,False
20210705,False
20210706,False
20210707,False
20210708,False
20210709,False
20210710,False
20210711,False
20210712,False
20210713,False
20210714,False
20210715,False
20210716,False
20210717,False
20210718,False
20210719,False
20210720,False
20210721,False
20210722,False
20210723,False
20210724,False
20210725,False
20210726,False
20210727,False
20210728,False
20210729,False
20210730,False
20210731,False
20210801,False
20210802,False
20210803,False
20210804,False
20210805,False
20210806,False
20210807,False
20210808,False
20210809,False
20210810,False
20210811,False
20210812,False
20210813,False
20210814,False
20210815,False
20210816,False
20210817,False
20210818,False
20210819,False
20210820,False
20210821,False
20210822,False
20210823,False
20210824,False
20210825,False
20210826,False
20210827,False
20210828,False
20210829,False
20210830,False
20210831,False
20210901,False
20210902,False
20210903,False
20210904,False
20210905,False
20210906,False
20210907,False
20210908,False
20210909,False
20210910,False
20210911,False
20210912,False
20210913,False
20210914,False
20210915,False
20210916,False
20210917,False
20210918,False
20210919,False
20210920,False
20210921,False
20210922,False
20210923,False
20210924,False
20210925,False
20210926,False
20210927,False
20210928,False
20210929,False
20210930,False
20211001,False
20211002,False
20211003,False
20211004,False
20211005,False
20211006,False
20211007,False
20211008,False
20211009,False
20211010,False
20211011,False
20211012,False
20211013,False
20211014,False
20211015,False
20211016,False
20211017,False
20211018,False
20211019,False
20211020,False
20211021,False
20211022,False
20211023,False
20211024,False
20211025,False
20211026,False
20211027,False
20211028,False
20211029,False
20211030,False
20211031,False
20211101,False
20211102,False
20211103,False
20211104,False
20211105,False
20211106,False
20211107,False
20211108,False
20211109,False
20211110,False
20211111,False
20211112,False
20211113,False
20211114,False
20211115,False
20211116,False
20211117,False
20211118,False
20211119,False
20211120,False
20211121,False
20211122,False
20211123,False
20211124,False
20211125,False
20211126,False
20211127,False
20211128,False
20211129,False
20211130,False
20211201,False
20211202,False
20211203,False
20211204,False
20211205,False
20211206,False
20211207,False
20211208,False
20211209,False
20211210,False
20211211,False
20211212,False
20211213,False
20211214,False
20211215,False
20211216,False
20211217,False
20211218,False
20211219,False
20211220,False
20211221,False
20211222,False
20211223,False
20211224,False
20211225,False
20211226,False
20211227,False
20211228,False
20211229,False
20211230,False
20211231,False
20220101,False
20220102,False
20220103,False
20220104,False
20220105,False
20220106,False
20220107,False
20220108,False
20220109,False
20220110,False
20220111,False
20220112,False
20220113,False
20220114,False
20220115,False
20220116,False
20220117,False
20220118,False
20220119,False
20220120,False
20220121,False
20220122,False
20220123,False
20220124,False
20220125,False
20220126,False
20220127,False
20220128,False
20220129,False
20220130,False
20220131,False
20220201,False
20220202,False
20220203,False
20220204,False
20220205,False
20220206,False
20220207,False
20220208,False
20220209,False
20220210,False
20220211,False
20220212,False
20220213,False
20220214,False
20220215,False
20220216,False
20220217,False
20220218,False
20220219,False
20220220,False
20220221,False
20220222,False
20220223,False
20220224,False
20220225,False
20220226,False
20220227,False
20220228,False
20220301,False
20220302,False
20220303,False
20220304,False
20220305,False
20220306,False
20220307,False
20220308,False
20220309,False
20220310,False
20220311,False
20220312,False
20220313,False
20220314,False
20220315,False
20220316,False
20220317,False
20220318,False
20220319,False
20220320,False
20220321,False
20220322,False
20220323,False
20220324,False
20220325,False
20220326,False
20220327,False
20220328,False
20220329,False
20220330,False
20220331,False
20220401,False
20220402,False
20220403,False
20220404,False
20220405,False
20220406,False
20220407,False
20220408,False
20220409,False
20220410,False
20220411,False
20220412,False
20220413,False
20220414,False
20220415,False
20220416,False
20220417,False
20220418,False
20220419,False
20220420,False
20220421,False
20220422,False
20220423,False
20220424,False
20220425,False
20220426,False
20220427,False
20220428,False
20220429,False
20220430,False
20220501,False
20220502,False
20220503,False
20220504,False
20220505,False
20220506,False
20220507,False
20220508,False
20220509,False
20220510,False
20220511,False
20220512,False
20220513,False
20220514,False
20220515,False
20220516,False
20220517,False
20220518,False
20220519,False
20220520,False
20220521,False
20220522,False
20220523,False
20220524,False
20220525,False
20220526,False
20220527,False
20220528,False
20220529,False
20220530,False
20220531,False
20220601,False
20220602,False
20220603,False
20220604,False
20220605,False
20220606,False
20220607,False
20220608,False
20220609,False
20220610,False
20220611,False
20220612,False
20220613,False
20220614,False
20220615,False
20220616,False
20220617,False
20220618,False
20220619,False
20220620,False
20220621,False
20220622,False
20220623,False
20220624,False
20220625,False
20220626,False
20220627,False
20220628,False
20220629,False
20220630,False
20220701,False
20220702,False
20220703,False
20220704,False
20220705,False
20220706,False
20220707,False
20220708,False
20220709,False
20220710,False
20220711,False
20220712,False
20220713,False
20220714,False
20220715,False
20220716,False
20220717,False
20220718,False
20220719,False
20220720,False
20220721,False
20220722,False
20220723,False
20220724,False
20220725,False
20220726,False
20220727,False
20220728,False
20220729,False
20220730,False
20220731,False
20220801,False
20220802,False
20220803,False
20220804,False
20220805,False
20220806,False
20220807,False
20220808,False
20220809,False
20220810,False
20220811,False
20220812,False
20220813,False
20220814,False
20220815,False
20220816,False
20220817,False
20220818,False
20220819,False
20220820,False
20220821,False
20220822,False
20220823,False
20220824,False
20220825,False
20220826,False
20220827,False
20220828,False
20220829,False
20220830,False
20220831,False
20220901,False
20220902,False
20220903,False
20220904,False
20220905,False
20220906,False
20220907,False
20220908,False
20220909,False
20220910,False
20220911,False
20220912,False
20220913,False
20220914,False
20220915,False
20220916,False
20220917,False
20220918,False
20220919,False
20220920,False
20220921,False
20220922,False
20220923,False
20220924,False
20220925,False
20220926,False
20220927,False
20220928,False
20220929,False
20220930,False
20221001,False
20221002,False
20221003,False
20221004,False
20221005,False
20221006,False
20221007,False
20221008,False
20221009,False
20221010,False
20221011,False
20221012,False
20221013,False
20221014,False
20221015,False
20221016,False
20221017,False
20221018,False
20221019,False
20221020,False
20221021,False
20221022,False
20221023,False
20221024,False
20221025,False
20221026,False
20221027,False
20221028,False
20221029,False
20221030,False
20221031,False
20221101,False
20221102,False
20221103,False
20221104,False
20221105,False
20221106,False
20221107,False
20221108,False
20221109,False
20221110,False
20221111,False
20221112,False
20221113,False
20221114,False
20221115,False
20221116,False
20221117,False
20221118,False
20221119,False
20221120,False
20221121,False
20221122,False
20221123,False
20221124,False
20221125,False
20221126,False
20221127,False
20221128,False
20221129,False
20221130,False
20221201,False
20221202,False
20221203,False
20221204,False
20221205,False
20221206,False
20221207,False
20221208,False
20221209,False
20221210,False
20221211,False
20221212,False
20221213,False
20221214,False
20221215,False
20221216,False
20221217,False
20221218,False
20221219,False
20221220,False
20221221,False
20221222,False
20221223,False
20221224,False
20221225,False
20221226,False
20221227,False
20221228,False
20221229,False
20221230,False
20221231,False
20230101,False
20230102,False
20230103,False
20230104,False
20230105,False
20230106,False
20230107,False
20230108,False
20230109,False
20230110,False
20230111,False
20230112,False
20230113,False
20230114,False
20230115,False
20230116,True
20230117,True
20230118,True
20230119,True
20230120,True
20230121,True
20230122,True
20230123,True
20230124,True
20230125,True
20230126,True
20230127,True
20230128,True
20230129,True
20230130,True
20230131,True
20230201,True
20230202,True
20230203,True
20230204,True
20230205,True
20230206,True
20230207,True
20230208,True
20230209,True
20230210,True
20230211,True
20230212,True
20230213,True
20230214,True
20230215,True
20230216,True
20230217,True
20230218,True
20230219,True
20230220,True
20230221,True
20230222,True
20230223,True
20230224,True
20230225,True
20230226,True
20230227,True
20230228,True
20230301,True
20230302,True
20230303,True
20230304,True
20230305,True
20230306,True
20230307,True
20230308,True
20230309,True
20230310,True
20230311,True
20230312,True
20230313,True
20230314,True
20230315,True
20230316,True
20230317,True
20230318,True
20230319,True
20230320,True
20230321,True
20230322,True
20230323,True
20230324,True
20230325,True
20230326,True
20230327,True
20230328,True
20230329,True
20230330,True
20230331,True
20230401,True
20230402,True
20230403,True
20230404,True
20230405,True
20230406,True
20230407,True
20230408,True
20230409,True
20230410,True
20230411,True
20230412,True
20230413,True
20230414,True
20230415,True
20230416,True
20230417,True
20230418,True
20230419,True
20230420,True
20230421,True
20230422,True
20230423,True
20230424,True
20230425,True
20230426,True
20230427,True
20230428,True
20230429,True
20230430,True
20230501,True
20230502,True
20230503,True
20230504,True
20230505,True
20230506,True
20230507,True
20230508,True
20230509,True
20230510,True
20230511,True
20230512,True
20230513,True
20230514,True
20230515,True
20230516,True
20230517,True
20230518,True
20230519,True
20230520,True
20230521,True
20230522,True
20230523,True
20230524,True
20230525,True
20230526,True
20230527,True
20230528,True
20230529,True
20230530,True
20230531,True
20230601,True
20230602,True
20230603,True
20230604,True
20230605,True
20230606,True
20230607,True
20230608,True
20230609,True
20230610,True
20230611,True
20230612,True
20230613,True
20230614,True
20230615,True
20230616,True
20230617,True
20230618,True
20230619,True
20230620,True
20230621,True
20230622,True
20230623,True
20230624,True
20230625,True
20230626,True
20230627,True
20230628,False
20230629,True
20230630,True
20230701,True
20230702,True
20230703,True
20230704,True
20230705,True
20230706,True
20230707,True
20230708,True
20230709,True
20230710,True
20230711,True
20230712,True
20230713,True
20230714,True
20230715,True
20230716,True
20230717,True
20230718,True
20230719,True
20230720,True
20230721,True
20230722,True
20230723,True
20230724,True
20230725,True
20230726,True
20230727,True
20230728,True
20230729,True
20230730,True
20230731,True
20230801,True
20230802,True
20230803,True
20230804,True
20230805,True
20230806,True
20230807,True
20230808,True
20230809,True
20230810,True
20230811,False
20230812,True
20230813,True
20230814,True
20230815,True
20230816,True
20230817,True
20230818,True
20230819,True
20230820,True
20230821,True
20230822,True
20230823,True
20230824,True
20230825,True
20230826,True
20230827,True
20230828,True
20230829,True
20230830,True
20230831,True
20230901,True
20230902,True
20230903,True
20230904,True
20230905,True
20230906,True
20230907,True
20230908,True
20230909,True
20230910,True
20230911,True
20230912,True
20230913,True
20230914,True
20230915,True
20230916,True
20230917,True
20230918,True
20230919,True
20230920,True
20230921,True
20230922,True
20230923,True
20230924,True
20230925,True
20230926,True
20230927,True
20230928,True
20230929,True
20230930,True
20231001,True
20231002,True
20231003,True
20231004,True
20231005,True
20231006,True
20231007,True
20231008,True
20231009,True
20231010,True
20231011,True
20231012,True
20231013,True
20231014,True
20231015,True
20231016,True
20231017,True
20231018,True
20231019,True
20231020,True
20231021,True
20231022,True
20231023,True
20231024,True
20231025,True
20231026,True
20231027,True
20231028,True
20231029,True
20231030,True
20231031,True
20231101,True
20231102,False
20231103,False
20231104,False
20231105,False
20231106,False
20231107,False
20231108,False
20231109,False
20231110,False
20231111,False
20231112,False
20231113,False
20231114,False
20231115,False
20231116,False
20231117,False
20231118,False
20231119,False
20231120,False
20231121,False
20231122,False
20231123,False
20231124,False
20231125,False
20231126,False
20231127,False
20231128,False
20231129,False
20231130,False
20231201,False
20231202,False
20231203,False
20231204,False
20231205,False
20231206,False
20231207,False
20231208,False
20231209,False
20231210,False
20231211,False
20231212,False
20231213,False
20231214,False
20231215,False
20231216,False
20231217,False
20231218,False
20231219,False
20231220,False
20231221,False
20231222,False
20231223,False
20231224,False
20231225,False
20231226,False
20231227,False
20231228,False
20231229,False
20231230,False
20231231,False
20240101,False
20240102,True
20240103,True
20240104,True
20240105,True
20240106,True
20240107,True
20240108,True
20240109,True
20240110,True
20240111,True
20240112,True
20240113,True
20240114,True
20240115,True
20240116,True
20240117,True
20240118,True
20240119,True
20240120,True
20240121,True
20240122,True
20240123,True
20240124,True
20240125,True
20240126,True
20240127,True
20240128,True
20240129,True
20240130,True
20240131,True
20240201,True
20240202,True
20240203,True
20240204,True
20240205,True
20240206,True
20240207,True
20240208,True
20240209,False
20240210,True
20240211,True
20240212,True
20240213,True
20240214,True
20240215,True
20240216,True
20240217,True
20240218,True
20240219,True
20240220,True
20240221,True
20240222,True
20240223,True
20240224,True
20240225,True
20240226,True
20240227,True
20240228,True
20240229,True
20240301,True
20240302,True
20240303,True
20240304,True
20240305,True
20240306,True
20240307,True
20240308,True
20240309,True
20240310,True
20240311,True
20240312,True
20240313,True
20240314,True
20240315,True
20240316,True
20240317,True
20240318,True
20240319,True
20240320,True
20240321,True
20240322,True
20240323,True
20240324,True
20240325,True
20240326,True
20240327,True
20240328,True
20240329,True
20240330,True
20240331,True
20240401,True
20240402,True
20240403,True
20240404,True
20240405,True
20240406,True
20240407,True
20240408,True
20240409,True
20240410,True
20240411,True
20240412,True
20240413,True
20240414,True
20240415,True
20240416,True
20240417,True
20240418,True
20240419,True
20240420,True
20240421,True
20240422,True
20240423,True
20240424,True
20240425,True
20240426,True
20240427,True
20240428,True
20240429,True
20240430,True
20240501,True
20240502,True
20240503,True
20240504,True
20240505,True
20240506,True
20240507,True
20240508,True
20240509,True
20240510,True
20240511,True
20240512,True
20240513,True
20240514,True
20240515,True
20240516,True
20240517,True
20240518,True
20240519,True
20240520,True
20240521,True
20240522,True
20240523,True
20240524,True
20240525,True
20240526,True
20240527,True
20240528,True
20240529,True
20240530,True
20240531,True
20240601,True
20240602,True
20240603,True
20240604,True
20240605,True
20240606,True
20240607,True
20240608,True
20240609,True
20240610,True
20240611,True
20240612,True
20240613,True
20240614,True
20240615,True
20240616,True
20240617,True
20240618,True
20240619,True
20240620,True
20240621,True
20240622,True
20240623,True
20240624,True
20240625,True
20240626,True
20240627,True
20240628,True
20240629,True
20240630,True
20240701,True
20240702,True
20240703,True
20240704,True
20240705,True
20240706,True
20240707,True
20240708,True
20240709,True
20240710,True
20240711,True
20240712,True
20240713,True
20240714,True
20240715,True
20240716,True
20240717,True
20240718,True
20240719,True
20240720,True
20240721,True
20240722,True
20240723,True
20240724,True
20240725,True
20240726,True
20240727,True
20240728,True
20240729,True
20240730,True
20240731,True
20240801,True
20240802,True
20240803,True
20240804,True
20240805,True
20240806,True
20240807,True
20240808,True
20240809,True
20240810,True
20240811,True
20240812,True
20240813,True
20240814,True
20240815,True
20240816,True
20240817,True
20240818,True
20240819,True
20240820,True
20240821,True
20240822,True
20240823,True
20240824,True
20240825,True
20240826,True
20240827,True
20240828,True
20240829,True
20240830,True
20240831,True
20240901,True
20240902,True
20240903,True
20240904,True
20240905,True
20240906,True
20240907,True
20240908,True
20240909,True
20240910,True
20240911,True
20240912,True
20240913,True
20240914,True
20240915,True
20240916,True
20240917,True
20240918,True
20240919,True
20240920,True
20240921,True
20240922,True
20240923,True
20240924,True
20240925,True
20240926,True
20240927,True
20240928,True
20240929,True
20240930,True
20241001,True
20241002,True
20241003,True
20241004,True
20241005,True
20241006,True
20241007,True
20241008,True
20241009,True
20241010,True
20241011,True
20241012,True
20241013,True
20241014,True
20241015,True
20241016,True
20241017,True
20241018,True
20241019,True
20241020,True
20241021,True
20241022,True
20241023,True
20241024,True
20241025,True
20241026,True
20241027,True
20241028,True
20241029,True
20241030,True
20241031,True
20241101,True
20241102,True
20241103,True
20241104,True
20241105,True
20241106,True
20241107,True
20241108,True
20241109,True
20241110,True
20241111,True
20241112,True
20241113,True
20241114,True
20241115,True
20241116,True
20241117,True
20241118,True
20241119,True
20241120,True
20241121,True
20241122,True
20241123,True
20241124,True
20241125,True
20241126,True
20241127,True
20241128,True
20241129,True
20241130,True
20241201,True
20241202,True
20241203,True
20241204,True
20241205,True
20241206,True
20241207,True
20241208,True
20241209,True
20241210,True
20241211,True
20241212,True
20241213,True
20241214,True
20241215,True
20241216,True
20241217,True
20241218,True
20241219,True
20241220,True
20241221,True
20241222,True
20241223,True
20241224,True
20241225,True
20241226,True
20241227,True
20241228,True
20241229,True
20241230,True
20241231,True
20250101,True
20250102,True
20250103,True
20250104,True
20250105,True
20250106,True
20250107,True
20250108,True
20250109,True
20250110,True
20250111,True
20250112,True
20250113,True
20250114,True
20250115,True
20250116,True
20250117,True
20250118,False
20250119,False
20250120,True
20250121,True
20250122,True
20250123,True
20250124,True
20250125,True
20250126,True
20250127,True
20250128,True
20250129,True
20250130,True
20250131,True
20250201,True
20250202,True
20250203,True
20250204,True
20250205,True
20250206,True
20250207,True
20250208,True
20250209,True
20250210,True
20250211,True
20250212,True
20250213,True
20250214,True
20250215,True
20250216,True
20250217,True
20250218,True
20250219,True
20250220,True
20250221,True
20250222,True
20250223,True
20250224,True
20250225,True
20250226,True
20250227,True
20250228,True
20250301,True
20250302,True
20250303,True
20250304,True
20250305,True
20250306,True
20250307,True
20250308,True
20250309,True
20250310,True
20250311,True
20250312,True
20250313,True
20250314,True
20250315,True
20250316,True
20250317,True
20250318,True
20250319,True
20250320,True
20250321,True
20250322,True
20250323,True
20250324,True
20250325,True
20250326,True
20250327,True
20250328,True
20250329,True
20250330,True
20250331,True
20250401,True
20250402,True
20250403,True
20250404,True
20250405,True
20250406,True
20250407,True
20250408,True
20250409,True
20250410,True
20250411,True
20250412,True
20250413,True
20250414,True
20250415,True
20250416,True
20250417,True
20250418,True
20250419,True
20250420,True
20250421,True
20250422,True
20250423,True
20250424,True
20250425,True
20250426,True
20250427,True
20250428,True
20250429,True
20250430,True
20250501,True
20250502,True
20250503,True
20250504,True
20250505,True
20250506,True
20250507,True
20250508,True
20250509,True
20250510,True
20250511,True
20250512,True
20250513,True
20250514,True
20250515,True
20250516,True
20250517,True
20250518,True
20250519,True
20250520,True
20250521,True
20250522,True
20250523,True
20250524,True
20250525,True
20250526,True
20250527,True
20250528,True
20250529,True
20250530,True
20250531,True
20250601,True
20250602,True
20250603,True
20250604,True
20250605,True
20250606,True
20250607,True
20250608,True
20250609,True
20250610,True
20250611,True
20250612,True
20250613,True
20250614,True
20250615,True
20250616,True
20250617,True
20250618,True
20250619,True
20250620,True
20250621,True
20250622,True
20250623,True
20250624,True
20250625,True
20250626,True
20250627,True
20250628,True
20250629,True
20250630,True
20250701,True
20250702,True
20250703,True
20250704,True
20250705,True
20250706,True
20250707,True
20250708,True
20250709,True
20250710,True
20250711,True
20250712,True
20250713,True
20250714,True
20250715,True
20250716,True
20250717,True
20250718,True
20250719,True
20250720,True
20250721,True
20250722,True
20250723,True
20250724,True
20250725,True
20250726,True
20250727,True
20250728,True
20250729,True
20250730,True
20250731,True
20250801,True
20250802,True
20250803,True
20250804,True
20250805,True
20250806,True
20250807,True
20250808,True
20250809,True
20250810,True
20250811,True
20250812,True
20250813,True
20250814,True
20250815,True
20250816,True
20250817,True
20250818,True
20250819,True
20250820,True
20250821,True
20250822,True
20250823,True
20250824,True
20250825,True
20250826,True
20250827,True
20250828,True
20250829,True
20250830,True
20250831,True
20250901,True
20250902,True
20250903,True
20250904,True
20250905,True
20250906,True
20250907,True
20250908,True
20250909,True
20250910,True
20250911,True
20250912,True
20250913,True
20250914,True
20250915,True
20250916,True
20250917,True
20250918,True
20250919,True
20250920,True
20250921,True
20250922,True
20250923,True
20250924,True
20250925,True
20250926,True
20250927,True
20250928,True
20250929,True
20250930,True
20251001,True
20251002,True
20251003,True
20251004,True
20251005,True
20251006,True
20251007,True
20251008,True
20251009,True
20251010,True
20251011,True
20251012,True
20251013,True
20251014,True
20251015,True
20251016,True
20251017,True
20251018,True
20251019,True
20251020,True
20251021,True
20251022,True
20251023,True
20251024,True
20251025,True
20251026,True
20251027,True
20251028,True
20251029,True
20251030,True
20251031,True
20251101,True
20251102,True
20251103,True
20251104,True
20251105,True
20251106,True
20251107,True
20251108,True
20251109,True
20251110,True
20251111,True
20251112,True
20251113,True
20251114,True
20251115,True
20251116,True
20251117,True
20251118,True
20251119,True
20251120,True
20251121,True
20251122,True
20251123,True
20251124,True
20251125,True
20251126,True
20251127,True
20251128,True
20251129,True
20251130,True
20251201,True
20251202,True
20251203,True
20251204,True
20251205,True
20251206,True
20251207,True
20251208,True
20251209,True
20251210,True
20251211,True
20251212,True
20251213,True
20251214,True
20251215,True
20251216,True
20251217,True
20251218,True
20251219,True
20251220,True
20251221,True
20251222,True
20251223,True
20251224,True
20251225,True
20251226,True
20251227,True
20251228,True
20251229,True
20251230,True
20251231,True
20260101,True
20260102,True
20260103,True
20260104,True
20260105,True
20260106,True
20260107,True
20260108,True
20260109,True
20260110,True
20260111,True
20260112,True
20260113,True
20260114,True
20260115,True
20260116,True
20260117,True
20260118,True
20260119,True
20260120,True
20260121,True
20260122,True
20260123,True
20260124,True
20260125,True
20260126,True
20260127,True
20260128,True
20260129,True
20260130,True
20260131,True
20260201,True
20260202,True
20260203,True
20260204,True
20260205,True
20260206,True
20260207,True
20260208,True
20260209,True
20260210,False
